bin_start_utc,bin_end_utc,offered_ops_per_sec,completed_ops_per_sec,latency_mean_ms,latency_p50_ms,latency_p95_ms,latency_p99_ms,latency_max_ms
2026-08-30T21:47:07.132632+00:00,2026-08-30T21:47:17.132632+00:00,500.0,499.9,12.2995302,1.9580000000000002,64.8877500000001,286.7657100000002,364.803
2026-08-30T21:47:17.132632+00:00,2026-08-30T21:47:27.132632+00:00,500.0,499.9,2.7317801999999998,1.814,6.135350000000012,23.725570000000054,80.325
2026-08-30T21:47:27.132632+00:00,2026-08-30T21:47:37.132632+00:00,500.0,500.0,2.2760542,1.753,3.91985000000001,16.444570000000056,53.481
2026-08-30T21:47:37.132632+00:00,2026-08-30T21:47:47.132632+00:00,500.0,500.0,4.285884,1.837,6.647300000000041,66.6208700000002,198.135
2026-08-30T21:47:47.132632+00:00,2026-08-30T21:47:57.132632+00:00,500.0,500.0,2.9253113999999996,1.79,5.0573000000000015,34.424060000000004,95.511
2026-08-30T21:47:57.132632+00:00,2026-08-30T21:48:07.132632+00:00,500.0,500.1,2.0969256,1.6835,3.125200000000001,11.712420000000009,47.791
2026-08-30T21:48:07.132632+00:00,2026-08-30T21:48:17.132632+00:00,500.0,500.0,7.0635686,1.8079999999999998,8.78780000000001,173.25139000000007,270.214
2026-08-30T21:48:17.132632+00:00,2026-08-30T21:48:27.132632+00:00,500.0,500.0,2.4944408000000005,1.7945,4.664,22.675360000000094,66.16
2026-08-30T21:48:27.132632+00:00,2026-08-30T21:48:37.132632+00:00,500.0,499.9,2.1702964,1.697,3.4263000000000012,13.753380000000075,52.632
2026-08-30T21:48:37.132632+00:00,2026-08-30T21:48:47.132632+00:00,500.0,500.1,6.0911252000000005,1.924,7.547250000000016,156.04116000000025,224.258
2026-08-30T21:48:47.132632+00:00,2026-08-30T21:48:57.132632+00:00,500.0,499.9,2.8574259999999994,1.789,5.415750000000003,30.078510000000076,93.479
2026-08-30T21:48:57.132632+00:00,2026-08-30T21:49:07.132632+00:00,500.0,500.1,2.0899474,1.6625,3.1551500000000003,13.092170000000005,50.15
2026-08-30T21:49:07.132632+00:00,2026-08-30T21:49:17.132632+00:00,500.0,500.0,5.8632736,1.8795,8.35655000000001,157.11845,202.762
2026-08-30T21:49:17.132632+00:00,2026-08-30T21:49:27.132632+00:00,500.0,500.0,2.7519348000000003,1.782,5.22665000000001,28.482590000000076,79.936
2026-08-30T21:49:27.132632+00:00,2026-08-30T21:49:37.132632+00:00,500.0,500.0,2.1057604,1.754,3.5606500000000025,11.375190000000003,51.674
2026-08-30T21:49:37.132632+00:00,2026-08-30T21:49:47.132632+00:00,500.0,500.0,5.0102192,1.9005,7.151650000000006,136.39145000000002,192.273
2026-08-30T21:49:47.132632+00:00,2026-08-30T21:49:57.132632+00:00,500.0,500.0,2.5934049999999997,1.7875,5.804300000000005,20.258230000000136,72.739
2026-08-30T21:49:57.132632+00:00,2026-08-30T21:50:07.132632+00:00,500.0,500.0,2.1189862,1.802,3.140300000000001,10.63804,52.799
2026-08-30T21:50:07.132632+00:00,2026-08-30T21:50:17.132632+00:00,500.0,500.0,5.201444199999999,1.878,7.039200000000008,123.24390000000331,206.859
2026-08-30T21:50:17.132632+00:00,2026-08-30T21:50:27.132632+00:00,500.0,500.0,2.9596656,2.0324999999999998,6.6458500000000065,27.075430000000008,72.589
2026-08-30T21:50:27.132632+00:00,2026-08-30T21:50:37.132632+00:00,500.0,500.0,2.1979862,1.7165,3.3712500000000007,15.178560000000056,49.43
2026-08-30T21:50:37.132632+00:00,2026-08-30T21:50:47.132632+00:00,500.0,499.9,4.1403962,1.8805,6.548150000000001,87.45628,150.936
2026-08-30T21:50:47.132632+00:00,2026-08-30T21:50:57.132632+00:00,500.0,500.1,4.0253816,1.91,8.35605,66.28702000000001,126.803
2026-08-30T21:50:57.132632+00:00,2026-08-30T21:51:07.132632+00:00,500.0,499.9,2.218204,1.7814999999999999,3.4727000000000023,15.500670000000037,55.137
2026-08-30T21:51:07.132632+00:00,2026-08-30T21:51:17.132632+00:00,500.0,500.1,3.6761588000000005,2.0084999999999997,8.256800000000007,47.58701000000001,138.7
2026-08-30T21:51:17.132632+00:00,2026-08-30T21:51:27.132632+00:00,500.0,499.9,4.6247072,1.9985,20.233900000000006,68.30017000000016,123.411
2026-08-30T21:51:27.132632+00:00,2026-08-30T21:51:37.132632+00:00,500.0,500.1,3.0661937999999997,1.884,10.862900000000003,26.171890000000108,74.345
2026-08-30T21:51:37.132632+00:00,2026-08-30T21:51:47.132632+00:00,500.0,500.0,3.6321112,1.904,8.828200000000018,42.418810000000015,134.36
2026-08-30T21:51:47.132632+00:00,2026-08-30T21:51:57.132632+00:00,499.9,499.6,4.94707701540308,1.85,21.421899999999887,84.19415999999993,112.07
2026-08-30T21:51:57.132632+00:00,2026-08-30T21:52:07.132632+00:00,500.0,500.4,3.7144459999999997,2.008,14.466350000000034,36.32852000000016,164.732
2026-08-30T21:52:07.132632+00:00,2026-08-30T21:52:17.132632+00:00,500.1,500.0,4.572830233953209,1.831,7.469,105.069,198.958
2026-08-30T21:52:17.132632+00:00,2026-08-30T21:52:27.132632+00:00,500.0,500.0,3.893757200000001,1.8105,16.06165000000002,47.27698000000009,97.813
2026-08-30T21:52:27.132632+00:00,2026-08-30T21:52:37.132632+00:00,500.0,500.0,2.1066142,1.653,3.2751,11.767540000000011,40.604
2026-08-30T21:52:37.132632+00:00,2026-08-30T21:52:47.132632+00:00,500.0,500.0,5.948692599999999,1.84,20.280350000000002,92.46560000000002,256.361
2026-08-30T21:52:47.132632+00:00,2026-08-30T21:52:57.132632+00:00,500.0,499.9,3.6231206,1.743,10.851200000000013,52.98501,97.098
2026-08-30T21:52:57.132632+00:00,2026-08-30T21:53:07.132632+00:00,500.0,500.0,1.9792187999999997,1.5205,3.066,9.082900000000107,35.541
2026-08-30T21:53:07.132632+00:00,2026-08-30T21:53:17.132632+00:00,500.0,500.1,6.103661399999999,1.7715,12.840150000000001,161.15545000000043,222.464
2026-08-30T21:53:17.132632+00:00,2026-08-30T21:53:27.132632+00:00,500.0,500.0,3.8177042,1.6245,5.992900000000014,75.53247000000057,149.307
2026-08-30T21:53:27.132632+00:00,2026-08-30T21:53:37.132632+00:00,500.0,500.0,3.022251,1.597,4.723200000000005,47.06476000000028,191.206
2026-08-30T21:53:37.132632+00:00,2026-08-30T21:53:47.132632+00:00,500.0,500.0,7.8342402,1.713,31.18545,144.63804000000013,280.75
2026-08-30T21:53:47.132632+00:00,2026-08-30T21:53:57.132632+00:00,500.0,500.0,3.9966446,1.636,11.951150000000004,71.78001,104.288
2026-08-30T21:53:57.132632+00:00,2026-08-30T21:54:07.132632+00:00,499.9,499.9,2.128963792758552,1.51,3.112199999999999,15.504099999999855,48.377
2026-08-30T21:54:07.132632+00:00,2026-08-30T21:54:17.132632+00:00,500.1,500.1,4.818876824635073,1.687,10.515,105.7,177.607
2026-08-30T21:54:17.132632+00:00,2026-08-30T21:54:27.132632+00:00,500.0,500.0,3.14033,1.587,9.308450000000002,35.85249000000016,72.357
2026-08-30T21:54:27.132632+00:00,2026-08-30T21:54:37.132632+00:00,500.0,500.0,1.9833334000000002,1.52,2.9311500000000006,10.300480000000032,47.793
2026-08-30T21:54:37.132632+00:00,2026-08-30T21:54:47.132632+00:00,500.0,500.0,6.082262400000001,1.649,13.638200000000001,154.3361900000001,232.236
2026-08-30T21:54:47.132632+00:00,2026-08-30T21:54:57.132632+00:00,500.0,499.9,3.2263851999999997,1.6315,5.5600499999999995,57.194820000000036,85.666
2026-08-30T21:54:57.132632+00:00,2026-08-30T21:55:07.132632+00:00,500.0,500.1,2.1240189999999997,1.672,3.2707000000000024,10.690930000000042,43.968
2026-08-30T21:55:07.132632+00:00,2026-08-30T21:55:17.132632+00:00,500.0,500.0,4.1609928,1.7465000000000002,5.008950000000003,63.34644000000003,190.413
2026-08-30T21:55:17.132632+00:00,2026-08-30T21:55:27.132632+00:00,500.0,500.0,2.9540968,1.809,4.9361500000000005,35.00406,83.361
2026-08-30T21:55:27.132632+00:00,2026-08-30T21:55:37.132632+00:00,500.0,500.0,2.1799438,1.743,3.2131000000000003,10.158000000000023,42.543
2026-08-30T21:55:37.132632+00:00,2026-08-30T21:55:47.132632+00:00,500.0,499.9,6.514708000000001,1.9,18.967650000000024,104.38698000000002,271.016
2026-08-30T21:55:47.132632+00:00,2026-08-30T21:55:57.132632+00:00,500.0,500.1,3.3262680000000002,1.8125,6.4894500000000015,43.39036000000046,125.72
2026-08-30T21:55:57.132632+00:00,2026-08-30T21:56:07.132632+00:00,500.0,500.0,2.0350432,1.6385,3.087,8.384040000000022,45.018
2026-08-30T21:56:07.132632+00:00,2026-08-30T21:56:17.132632+00:00,500.0,500.0,5.9366145999999995,1.764,20.247100000000014,106.78101000000001,293.74
2026-08-30T21:56:17.132632+00:00,2026-08-30T21:56:27.132632+00:00,500.0,499.9,2.9739800000000005,1.74,5.165300000000005,40.869650000000036,77.443
2026-08-30T21:56:27.132632+00:00,2026-08-30T21:56:37.132632+00:00,500.0,500.1,2.1365644,1.6635,3.3451000000000004,11.760190000000026,35.56
2026-08-30T21:56:37.132632+00:00,2026-08-30T21:56:47.132632+00:00,499.9,499.9,5.480238647729546,1.781,9.980999999999963,112.60191999999869,215.763
2026-08-30T21:56:47.132632+00:00,2026-08-30T21:56:57.132632+00:00,500.1,500.0,5.423781443711257,1.833,11.827,110.464,170.269
2026-08-30T21:56:57.132632+00:00,2026-08-30T21:57:07.132632+00:00,500.0,500.0,2.1660228000000004,1.6715,3.26,11.539520000000099,35.072
2026-08-30T21:57:07.132632+00:00,2026-08-30T21:57:17.132632+00:00,500.0,500.0,6.6626146,1.723,11.923050000000021,166.9381100000002,227.119
2026-08-30T21:57:17.132632+00:00,2026-08-30T21:57:27.132632+00:00,500.0,500.1,2.9968658,1.81,6.237250000000008,31.73047000000001,111.278
2026-08-30T21:57:27.132632+00:00,2026-08-30T21:57:37.132632+00:00,500.0,500.0,2.1700442000000004,1.6775,3.2864000000000013,10.542160000000026,40.436
2026-08-30T21:57:37.132632+00:00,2026-08-30T21:57:47.132632+00:00,500.0,500.0,5.890972799999999,1.7065000000000001,9.625100000000044,129.34889000000018,203.641
2026-08-30T21:57:47.132632+00:00,2026-08-30T21:57:57.132632+00:00,500.0,500.0,2.4902110000000004,1.5755,4.362450000000002,22.874230000000004,66.672
2026-08-30T21:57:57.132632+00:00,2026-08-30T21:58:07.132632+00:00,500.0,499.9,1.9677487999999999,1.5105,2.8967500000000026,9.711530000000012,33.738
2026-08-30T21:58:07.132632+00:00,2026-08-30T21:58:17.132632+00:00,499.9,500.0,4.402617523504701,1.756,12.932099999999956,65.26261999999994,163.423
2026-08-30T21:58:17.132632+00:00,2026-08-30T21:58:27.132632+00:00,500.1,500.1,2.5441171765646873,1.715,5.441,19.553,53.861
2026-08-30T21:58:27.132632+00:00,2026-08-30T21:58:37.132632+00:00,500.0,499.9,1.9334252,1.524,2.8361500000000004,7.811700000000015,36.403
2026-08-30T21:58:37.132632+00:00,2026-08-30T21:58:47.132632+00:00,500.0,500.1,3.17034,1.608,6.146250000000004,43.69940000000049,180.158
2026-08-30T21:58:47.132632+00:00,2026-08-30T21:58:57.132632+00:00,500.0,500.0,2.2451276,1.5535,3.853150000000004,13.688190000000025,58.591
2026-08-30T21:58:57.132632+00:00,2026-08-30T21:59:07.132632+00:00,500.0,500.0,1.8761989999999997,1.444,2.7951500000000005,8.790390000000007,40.568
2026-08-30T21:59:07.132632+00:00,2026-08-30T21:59:17.132632+00:00,500.0,500.0,3.0067133999999998,1.562,4.212300000000001,42.3095500000001,143.407
2026-08-30T21:59:17.132632+00:00,2026-08-30T21:59:27.132632+00:00,500.0,500.0,2.6065021999999995,1.497,4.910250000000019,35.690930000000016,71.026
2026-08-30T21:59:27.132632+00:00,2026-08-30T21:59:37.132632+00:00,500.0,500.0,1.9215246,1.455,2.8790500000000003,10.763180000000112,41.246
2026-08-30T21:59:37.132632+00:00,2026-08-30T21:59:47.132632+00:00,500.0,500.0,3.3637737999999997,1.5185,4.421650000000006,61.19941000000001,161.433
2026-08-30T21:59:47.132632+00:00,2026-08-30T21:59:57.132632+00:00,500.0,500.0,4.3789194,1.608,11.766150000000001,96.08003000000039,132.582
2026-08-30T21:59:57.132632+00:00,2026-08-30T22:00:07.132632+00:00,500.0,499.9,2.035084,1.575,3.092,9.435110000000023,45.91
2026-08-30T22:00:07.132632+00:00,2026-08-30T22:00:17.132632+00:00,500.0,500.1,4.0226017999999995,1.7265000000000001,5.245100000000011,74.13692000000002,205.428
2026-08-30T22:00:17.132632+00:00,2026-08-30T22:00:27.132632+00:00,500.0,500.0,3.0381367999999997,1.738,4.772350000000008,43.53683000000012,96.727
2026-08-30T22:00:27.132632+00:00,2026-08-30T22:00:37.132632+00:00,500.0,500.0,2.1794632,1.72,3.3821000000000003,11.275140000000004,35.061
2026-08-30T22:00:37.132632+00:00,2026-08-30T22:00:47.132632+00:00,500.0,500.0,4.3777724000000005,1.809,7.918650000000046,80.33022000000011,158.473
2026-08-30T22:00:47.132632+00:00,2026-08-30T22:00:57.132632+00:00,500.0,499.9,3.2794755999999996,1.647,5.587350000000005,53.21611000000011,94.484
2026-08-30T22:00:57.132632+00:00,2026-08-30T22:01:07.132632+00:00,500.0,500.1,2.0737858,1.553,3.1323500000000015,12.755890000000042,43.172
2026-08-30T22:01:07.132632+00:00,2026-08-30T22:01:17.132632+00:00,500.0,500.0,3.5106208,1.696,6.101050000000003,55.13723000000031,160.273
2026-08-30T22:01:17.132632+00:00,2026-08-30T22:01:27.132632+00:00,500.0,500.0,3.1122897999999997,1.741,5.43005,44.439470000000114,91.03
2026-08-30T22:01:27.132632+00:00,2026-08-30T22:01:37.132632+00:00,500.0,500.0,2.069527,1.606,3.0930500000000003,11.916720000000037,45.217
2026-08-30T22:01:37.132632+00:00,2026-08-30T22:01:47.132632+00:00,499.9,499.9,5.095890778155631,1.704,9.174499999999933,118.424,233.825
2026-08-30T22:01:47.132632+00:00,2026-08-30T22:01:57.132632+00:00,500.1,500.0,2.8786302739452108,1.762,5.129,24.743,74.444
2026-08-30T22:01:57.132632+00:00,2026-08-30T22:02:07.132632+00:00,499.9,500.1,2.033755151030206,1.642,3.0452999999999983,8.202059999999998,34.899
